orign,origin,phonetic,parts_of_speech,postitive_degree
きりりしゃんと,きりりしゃんと,副詞,0.997511,
欣然,きんぜん,副詞,0.996789,
丁度,ちょうど,副詞,0.996176,
きびきび,きびきび,副詞,0.995129,
思う様,おもうさま,副詞,0.993181,
優に,ゆうに,副詞,0.992781,
いそいそ,いそいそ,副詞,0.99245,
思う存分,おもうぞんぶん,副詞,0.991479,
しゃきっと,しゃきっと,副詞,0.98963,
にっこり,にっこり,副詞,0.989443,
のんびり,のんびり,副詞,0.989135,
ぴちぴち,ぴちぴち,副詞,0.989073,
浮き浮き,うきうき,副詞,0.988895,
しゃきしゃき,しゃきしゃき,副詞,0.988724,
堂堂,どうどう,副詞,0.988687,
静静,しずしず,副詞,0.988626,
すっぱり,すっぱり,副詞,0.988174,
楽楽,らくらく,副詞,0.987993,
がっちり,がっちり,副詞,0.986128,
きっかり,きっかり,副詞,0.985594,
宜,ぎ,副詞,0.984927,
良しなに,よしなに,副詞,0.984363,
やたけに,やたけに,副詞,0.984324,
わくわく,わくわく,副詞,0.984273,
がっしり,がっしり,副詞,0.984202,
いみじくも,いみじくも,副詞,0.98395,
あっさり,あっさり,副詞,0.983673,
ゆったり,ゆったり,副詞,0.983651,
きらりと,きらりと,副詞,0.983506,
すかっと,すかっと,副詞,0.983246,
しゃっきり,しゃっきり,副詞,0.982375,
にこにこ,にこにこ,副詞,0.981822,
しゃんと,しゃんと,副詞,0.981591,
つやつや,つやつや,副詞,0.980453,
難無く,なんなく,副詞,0.980288,
すやすや,すやすや,副詞,0.980073,
きちんと,きちんと,副詞,0.979967,
ぴんぴん,ぴんぴん,副詞,0.979849,
たっぷり,たっぷり,副詞,0.979449,
れっきと,れっきと,副詞,0.977651,
ほかほか,ほかほか,副詞,0.977415,
こよなく,こよなく,副詞,0.976242,
安安,やすやす,副詞,0.976179,
奮って,ふるって,副詞,0.975194,
すくすく,すくすく,副詞,0.972376,
こんがり,こんがり,副詞,0.971503,
軽軽,かるがる,副詞,0.971267,
美しくも,いしくも,副詞,0.971147,
しっくり,しっくり,副詞,0.970807,
ちんまり,ちんまり,副詞,0.97041,
何より,なにより,副詞,0.970386,
楽に,らくに,副詞,0.969407,
一方ならず,ひとかたならず,副詞,0.969398,
きりりと,きりりと,副詞,0.969288,
ずばり,ずばり,副詞,0.966756,
ほくほく,ほくほく,副詞,0.962429,
健か,したたか,副詞,0.961761,
しゃんしゃん,しゃんしゃん,副詞,0.958888,
腹一杯,はらいっぱい,副詞,0.956293,
さらりと,さらりと,副詞,0.954746,
ぴったり,ぴったり,副詞,0.951451,
決然,けつぜん,副詞,0.94835,
ぴんしゃん,ぴんしゃん,副詞,0.948008,
きっちり,きっちり,副詞,0.943204,
よく,よく,副詞,0.921866,
唯唯,いい,副詞,0.915477,
さっぱり,さっぱり,副詞,0.793419,
きらきら,きらきら,副詞,0.718035,
夜もすがら,よもすがら,副詞,0.703089,
疾く,とく,副詞,0.685555,
とっとと,とっとと,副詞,0.685114,
宜しく,よろしく,副詞,0.684397,
そろりと,そろりと,副詞,0.666042,
夜な夜な,よなよな,副詞,0.640991,
さっさと,さっさと,副詞,0.638465,
どの道,どのみち,副詞,0.62289,
どうせ,どうせ,副詞,0.612873,
すたすた,すたすた,副詞,0.593062,
ぎらぎら,ぎらぎら,副詞,0.566053,
ゆるりと,ゆるりと,副詞,0.559554,
どっち道,どっちみち,副詞,0.550264,
世にも,よにも,副詞,0.549163,
凛と,りんと,副詞,0.538857,
つと,つと,副詞,0.517366,
奇しくも,くしくも,副詞,0.509337,
きりきり,きりきりしゃんと,副詞,0.504162,
のうのう,のうのう,副詞,0.484275,
つっと,つっと,副詞,0.477846,
確り,しっかり,副詞,0.46323,
本に,ほんに,副詞,0.454483,
あわよくば,あわよくば,副詞,0.441356,
ぬくぬく,ぬくぬく,副詞,0.412698,
むんむん,むんむん,副詞,0.412678,
一際,ひときわ,副詞,0.379046,
何時かしら,いつかしら,副詞,0.377726,
しとしと,しとしと,副詞,0.367304,
うっとり,うっとり,副詞,0.36674,
おちおち,おちおち,副詞,0.362384,
ちょろり,ちょろり,副詞,0.361606,
どんどん,どんどん,副詞,0.360515,
なるたけ,なるたけ,副詞,0.342085,
折しも,おりしも,副詞,0.334723,
きょろりと,きょろりと,副詞,0.331361,
ずばずば,ずばずば,副詞,0.32893,
ひょっこり,ひょっこり,副詞,0.315513,
心ならずも,こころならずも,副詞,0.30797,
くっきり,くっきり,副詞,0.30759,
誠に,まことに,副詞,0.303085,
てきぱき,てきぱき,副詞,0.298337,
大層,たいそう,副詞,0.29035,
延び延び,のびのび,副詞,0.285063,
おっとり,おっとり,副詞,0.273239,
てかてか,てかてか,副詞,0.2527,
言わずもがな,いわずもがな,副詞,0.24791,
こつこつ,こつこつ,副詞,0.237785,
めきめき,めきめき,副詞,0.237612,
てらてら,てらてら,副詞,0.233361,
にゅっと,にゅっと,副詞,0.231582,
ずんずん,ずんずん,副詞,0.221216,
ぐっすり,ぐっすり,副詞,0.210761,
宛として,えんとして,副詞,0.210431,
一入,ひとしお,副詞,0.20476,
ろくに,ろくに,副詞,0.192881,
よくも,よくも,副詞,0.184464,
はったと,はったと,副詞,0.182652,
恰も,あたかも,副詞,0.180718,
かっきり,かっきり,副詞,0.176012,
ぱっぱと,ぱっぱと,副詞,0.167779,
まんまと,まんまと,副詞,0.165698,
はきはき,はきはき,副詞,0.159947,
りゅうと,りゅうと,副詞,0.147817,
特別,とくべつ,副詞,0.146759,
しゃなりしゃなり,しゃなりしゃなり,副詞,0.145202,
適宜,てきぎ,副詞,0.139911,
逸早く,いちはやく,副詞,0.138891,
ぱりっと,ぱりっと,副詞,0.13809,
ゆるゆる,ゆるゆる,副詞,0.137833,
たまたま,たまたま,副詞,0.135086,
びくとも,びくとも,副詞,0.134988,
精一杯,せいいっぱい,副詞,0.1272,
明明と,あかあかと,副詞,0.126197,
可及的,かきゅうてき,副詞,0.11865,
まさか,まさか,副詞,0.106073,
やおら,やおら,副詞,0.102769,
おいそれと,おいそれと,副詞,0.100886,
徐に,おもむろに,副詞,0.0965448,
ぎらりと,ぎらりと,副詞,0.082599,
ひょいと,ひょいと,副詞,0.0818276,
夙に,つとに,副詞,0.0801566,
白白と,しろじろと,副詞,0.07804,
心から,しんから,副詞,0.0763587,
至って,いたって,副詞,0.0570497,
ばたばた,ばたばた,副詞,0.0445183,
努めて,つとめて,副詞,0.0441792,
みっちり,みっちり,副詞,0.0408184,
頗る,すこぶる,副詞,0.0347696,
すいすい,すいすい,副詞,0.01227,
ぱっと,ぱっと,副詞,0.010572,
ぐんぐん,ぐんぐん,副詞,0.00859941,
いい加減,いいかげん,副詞,0.00846542,
みっしり,みっしり,副詞,0.00760608,
満遍なく,まんべんなく,副詞,0.00642908,
休み休み,やすみやすみ,副詞,0.0057557,
見る見る,みるみる,副詞,0.00405449,
いとも,いとも,副詞,0.00207205,
きっぱり,きっぱり,副詞,-0.00729723,
真に,しんに,副詞,-0.0111025,
よも,よも,副詞,-0.0123425,
敢然,かんぜん,副詞,-0.0186612,
のほほんと,のほほんと,副詞,-0.0199173,
なるべく,なるべく,副詞,-0.0221094,
こんもり,こんもり,副詞,-0.0223444,
年中,ねんぢゅう,副詞,-0.0234599,
ずかずか,ずかずか,副詞,-0.024098,
うらうら,うらうら,副詞,-0.0243027,
まあまあ,まあまあ,副詞,-0.0246219,
体よく,ていよく,副詞,-0.0257487,
よもや,よもや,副詞,-0.0267526,
たまさか,たまさか,副詞,-0.0270389,
うまうまと,うまうまと,副詞,-0.0276899,
どしどし,どしどし,副詞,-0.0278614,
ばっちり,ばっちり,副詞,-0.0316657,
剰え,あまつさえ,副詞,-0.0349956,
何時しか,いつしか,副詞,-0.0349956,
しみじみ,しみじみ,副詞,-0.0372167,
悉皆,しっかい,副詞,-0.0381888,
力一杯,ちからいっぱい,副詞,-0.0402572,
にんまり,にんまり,副詞,-0.0413582,
早晩,そうばん,副詞,-0.0431297,
何と,なんと,副詞,-0.0460179,
着着,ちゃくちゃく,副詞,-0.0476966,
ぴかりと,ぴかりと,副詞,-0.0496765,
むしゃくしゃ,むしゃくしゃ,副詞,-0.0523011,
ぐにゃぐにゃ,ぐにゃぐにゃ,副詞,-0.0551269,
人一倍,ひといちばい,副詞,-0.0566489,
ぬっと,ぬっと,副詞,-0.0567484,
ゆらりと,ゆらりと,副詞,-0.0573707,
しんみり,しんみり,副詞,-0.0599086,
尚且つ,なおかつ,副詞,-0.0601649,
滅法界,めっぽうかい,副詞,-0.0605063,
てくてく,てくてく,副詞,-0.0642443,
老来,ろうらい,副詞,-0.0649192,
況や,いわんや,副詞,-0.0650876,
はっしと,はっしと,副詞,-0.0656996,
ぴかぴか,ぴかぴか,副詞,-0.0676345,
めっきり,めっきり,副詞,-0.0699456,
断固,だんこ,副詞,-0.0701276,
ちかちか,ちかちか,副詞,-0.07259,
そろそろ,そろそろ,副詞,-0.0740496,
えっちらおっちら,えっちらおっちら,副詞,-0.0761541,
生来,せいらい,副詞,-0.0761817,
しっぽり,しっぽり,副詞,-0.0764593,
はんなり,はんなり,副詞,-0.0766411,
一体全体,いったいぜんたい,副詞,-0.0785575,
ずいと,ずいと,副詞,-0.0791567,
古来,こらい,副詞,-0.08014,
終始,しゅうし,副詞,-0.0804591,
嘸,さぞ,副詞,-0.0812009,
じろじろ,じろじろ,副詞,-0.0814828,
ぺろりと,ぺろりと,副詞,-0.0871383,
いっかな,いっかな,副詞,-0.0873449,
ぞっこん,ぞっこん,副詞,-0.0874191,
ぴりっと,ぴりっと,副詞,-0.0891846,
正しく,まさしく,副詞,-0.0894384,
大いに,おおいに,副詞,-0.0902302,
延延,えんえん,副詞,-0.0907348,
啻に,ただに,副詞,-0.0913839,
丁と,ちょうと,副詞,-0.0920002,
さんざっぱら,さんざっぱら,副詞,-0.0929735,
鋭意,えいい,副詞,-0.0935277,
はたと,はたと,副詞,-0.0939554,
のべたら,のべたら,副詞,-0.0948399,
道道,みちみち,副詞,-0.0973565,
ずんと,ずんと,副詞,-0.0974566,
須らく,すべからく,副詞,-0.0979671,
やけに,やけに,副詞,-0.0986501,
ぱっちり,ぱっちり,副詞,-0.0991894,
終始一貫,しゅうしいっかん,副詞,-0.0993038,
さらさら,さらさら,副詞,-0.100105,
いとど,いとど,副詞,-0.100413,
ぱっくり,ぱっくり,副詞,-0.101762,
格段,かくだん,副詞,-0.101951,
沢山,たくさん,副詞,-0.102477,
ぐいぐい,ぐいぐい,副詞,-0.106078,
朝来,ちょうらい,副詞,-0.107257,
かいしき,かいしき,副詞,-0.107702,
且つ,かつ,副詞,-0.108348,
如何,いかん,副詞,-0.108348,
呉呉,くれぐれ,副詞,-0.108693,
そこばく,そこばく,副詞,-0.108804,
どんより,どんより,副詞,-0.109455,
ちんと,ちんと,副詞,-0.109996,
必ずや,かならずや,副詞,-0.110276,
作麼生,そもさん,副詞,-0.110305,
我と,われと,副詞,-0.111137,
自ら,みずから,副詞,-0.111137,
大きに,おおきに,副詞,-0.111417,
夜っぴて,よっぴて,副詞,-0.111442,
滾滾と,こんこんと,副詞,-0.112825,
ほいほい,ほいほい,副詞,-0.113009,
がっぷり,がっぷり,副詞,-0.113789,
ぐでんぐでん,ぐでんぐでん,副詞,-0.114531,
白白,しらじら,副詞,-0.115392,
徐徐に,じょじょに,副詞,-0.116362,
然,しか,副詞,-0.116572,
ずしりと,ずしりと,副詞,-0.116962,
とつおいつ,とつおいつ,副詞,-0.118225,
暗に,あんに,副詞,-0.118588,
定めし,さだめし,副詞,-0.119189,
がぶがぶ,がぶがぶ,副詞,-0.120553,
偶然,ぐうぜん,副詞,-0.121219,
むざむざ,むざむざ,副詞,-0.122649,
逐一,ちくいち,副詞,-0.123918,
見す見す,みすみす,副詞,-0.124135,
押して,おして,副詞,-0.124481,
大分,だいぶ,副詞,-0.125201,
とことこ,とことこ,副詞,-0.126146,
わんさと,わんさと,副詞,-0.127052,
口ずから,くちずから,副詞,-0.127281,
嘸かし,さぞかし,副詞,-0.127615,
ふいと,ふいと,副詞,-0.128233,
所詮,しょせん,副詞,-0.128734,
むっつり,むっつり,副詞,-0.130308,
やっぱり,やっぱり,副詞,-0.130857,
取急ぎ,とりいそぎ,副詞,-0.131286,
願わくは,ねがわくは,副詞,-0.133194,
無論,むろん,副詞,-0.133712,
薄薄,うすうす,副詞,-0.135323,
ひりりと,ひりりと,副詞,-0.136821,
嫌嫌,いやいや,副詞,-0.137052,
まずまず,まずまず,副詞,-0.13712,
なんぼ,なんぼ,副詞,-0.138649,
にょきにょき,にょきにょき,副詞,-0.138728,
今更,いまさら,副詞,-0.139152,
嘸や,さぞや,副詞,-0.139394,
ぽんと,ぽんと,副詞,-0.140034,
冷や冷や,ひやひや,副詞,-0.140292,
どくどく,どくどく,副詞,-0.140412,
翻って,ひるがえって,副詞,-0.14082,
甚だ,はなはだ,副詞,-0.142632,
大して,たいして,副詞,-0.143023,
むらむら,むらむら,副詞,-0.145283,
ゆくりなく,ゆくりなく,副詞,-0.14607,
すたこら,すたこら,副詞,-0.146342,
案の定,あんのじょう,副詞,-0.147867,
さしむき,さしむき,副詞,-0.148812,
にっと,にっと,副詞,-0.149074,
軽軽,けいけい,副詞,-0.149308,
じめじめ,じめじめ,副詞,-0.152635,
しこしこ,しこしこ,副詞,-0.154415,
勿論,もちろん,副詞,-0.15474,
ひたひた,ひたひた,副詞,-0.155201,
こりこり,こりこり,副詞,-0.155213,
ぱちぱち,ぱちぱち,副詞,-0.158615,
一層,いっそう,副詞,-0.159097,
精精,せいぜい,副詞,-0.159274,
然,ぜん,副詞,-0.159576,
割方,わりかた,副詞,-0.159617,
縷縷,るる,副詞,-0.164017,
かっかと,かっかと,副詞,-0.164077,
にこり,にこり,副詞,-0.164496,
具に,つぶさに,副詞,-0.166044,
時たま,ときたま,副詞,-0.167238,
てっきり,てっきり,副詞,-0.168362,
白白,しらしら,副詞,-0.168769,
とても,とても,副詞,-0.169067,
ほのぼの,ほのぼの,副詞,-0.170595,
まにまに,まにまに,副詞,-0.172498,
ぱらりと,ぱらりと,副詞,-0.172887,
早早,はやばや,副詞,-0.174113,
ついぞ,ついぞ,副詞,-0.174702,
どっと,どっと,副詞,-0.175404,
二つながら,ふたつながら,副詞,-0.176301,
じくじく,じくじく,副詞,-0.178138,
でっぷり,でっぷり,副詞,-0.1796,
くるりと,くるりと,副詞,-0.179775,
ぐんと,ぐんと,副詞,-0.180111,
うねうね,うねうね,副詞,-0.180961,
況して,まして,副詞,-0.181581,
しんと,しんと,副詞,-0.182947,
年年歳歳,ねんねんさいさい,副詞,-0.183904,
でんと,でんと,副詞,-0.185492,
ちくりと,ちくりと,副詞,-0.186423,
ちりちり,ちりちり,副詞,-0.187134,
えて,えて,副詞,-0.187443,
ずらりと,ずらりと,副詞,-0.188313,
ぱくりと,ぱくりと,副詞,-0.190273,
ぜいぜい,ぜいぜい,副詞,-0.191025,
のたりのたり,のたりのたり,副詞,-0.191571,
尚更,なおさら,副詞,-0.193106,
元来,がんらい,副詞,-0.195367,
直に,じきに,副詞,-0.195847,
ぴょこんと,ぴょこんと,副詞,-0.19592,
格別,かくべつ,副詞,-0.196275,
のめのめ,のめのめ,副詞,-0.196545,
むっちり,むっちり,副詞,-0.198375,
ついと,ついと,副詞,-0.198978,
すかすか,すかすか,副詞,-0.20065,
何時ぞや,いつぞや,副詞,-0.200696,
ぴしゃりと,ぴしゃりと,副詞,-0.200757,
余計,よけい,副詞,-0.201416,
しんねりむっつり,しんねりむっつり,副詞,-0.202076,
はらりと,はらりと,副詞,-0.20297,
ちゃかちゃか,ちゃかちゃか,副詞,-0.203796,
ひょろりと,ひょろりと,副詞,-0.203811,
続続,ぞくぞく,副詞,-0.207257,
のんべんだらりと,のんべんだらりと,副詞,-0.208424,
やはり,やはり,副詞,-0.208898,
俄然,がぜん,副詞,-0.209842,
ほろりと,ほろりと,副詞,-0.21083,
がっぽり,がっぽり,副詞,-0.211896,
じいんと,じいんと,副詞,-0.211992,
篤と,とくと,副詞,-0.21257,
はっと,はっと,副詞,-0.212783,
ぽっと,ぽっと,副詞,-0.213312,
ぴいぴい,ぴいぴい,副詞,-0.214121,
ぐいっと,ぐいっと,副詞,-0.21462,
手当り次第,てあたりしだい,副詞,-0.214903,
と,と,副詞,-0.215793,
すらっと,すらっと,副詞,-0.216622,
だくだく,だくだく,副詞,-0.21664,
ぴしりと,ぴしりと,副詞,-0.22216,
むかっと,むかっと,副詞,-0.22291,
並べて,なべて,副詞,-0.22334,
どっしり,どっしり,副詞,-0.223466,
宛ら,さながら,副詞,-0.223916,
ぱちくり,ぱちくり,副詞,-0.226379,
するりと,するりと,副詞,-0.227091,
どっさり,どっさり,副詞,-0.227226,
手ずから,てずから,副詞,-0.227583,
ゆめ,ゆめ,副詞,-0.228085,
実に,げに,副詞,-0.228301,
猛然,もうぜん,副詞,-0.228467,
要するに,ようするに,副詞,-0.229123,
どうにか,どうにかこうにか,副詞,-0.229655,
ぴちっと,ぴちっと,副詞,-0.23019,
向後,きょうこう,副詞,-0.232198,
とっても,とっても,副詞,-0.232971,
高高,たかだか,副詞,-0.233169,
仮令,たとい,副詞,-0.233506,
心して,こころして,副詞,-0.234193,
ぼちぼち,ぼちぼち,副詞,-0.234638,
三三五五,さんさんごご,副詞,-0.23464,
ずっしり,ずっしり,副詞,-0.235226,
極力,きょくりょく,副詞,-0.236071,
頓に,とみに,副詞,-0.237158,
もっと,もっと,副詞,-0.237262,
ごろりと,ごろりと,副詞,-0.237421,
折角,せっかく,副詞,-0.238281,
ふうふう,ふうふう,副詞,-0.238639,
たんまり,たんまり,副詞,-0.239503,
するする,するする,副詞,-0.239545,
終生,しゅうせい,副詞,-0.239852,
逐年,ちくねん,副詞,-0.240258,
漸次,ぜんじ,副詞,-0.24094,
かちんと,かちんと,副詞,-0.24185,
ふらっと,ふらっと,副詞,-0.241926,
ごろごろ,ごろごろ,副詞,-0.24387,
こっくり,こっくり,副詞,-0.24388,
ぴしぴし,ぴしぴし,副詞,-0.244313,
総じて,そうじて,副詞,-0.244492,
さんざ,さんざ,副詞,-0.244958,
そわそわ,そわそわ,副詞,-0.245483,
むんずと,むんずと,副詞,-0.245588,
よくせき,よくせき,副詞,-0.246163,
豈,あに,副詞,-0.246977,
そろばん,そろばんずく,副詞,-0.2475,
さっき,さっき,副詞,-0.247876,
ぼっと,ぼっと,副詞,-0.248482,
からりと,からりと,副詞,-0.248987,
どきどき,どきどき,副詞,-0.249407,
内内,うちうち,副詞,-0.249781,
泣く泣く,なくなく,副詞,-0.250189,
昏昏と,こんこんと,副詞,-0.250734,
強いて,しいて,副詞,-0.252429,
ちょっきり,ちょっきり,副詞,-0.252802,
断じて,だんじて,副詞,-0.25297,
がらんと,がらんと,副詞,-0.252991,
不日,ふじつ,副詞,-0.254168,
何がさて,なにがさて,副詞,-0.255512,
うつらうつら,うつらうつら,副詞,-0.256202,
ごりごり,ごりごり,副詞,-0.256969,
刻刻,こっこく,副詞,-0.257385,
ぽっぽと,ぽっぽと,副詞,-0.258743,
遥遥,はるばる,副詞,-0.259908,
実に,じつに,副詞,-0.260427,
好んで,このんで,副詞,-0.261175,
いきなり,いきなり,副詞,-0.262211,
ぼってり,ぼってり,副詞,-0.263542,
逐次,ちくじ,副詞,-0.263991,
ゆっくり,ゆっくり,副詞,-0.266489,
かなり,かなり,副詞,-0.266611,
せっせと,せっせと,副詞,-0.269017,
存外,ぞんがい,副詞,-0.269114,
のそのそ,のそのそ,副詞,-0.269779,
自ずと,おのずと,副詞,-0.271991,
よたよた,よたよた,副詞,-0.272164,
コンパチ,コンパチ,副詞,-0.273506,
あながち,あながち,副詞,-0.273555,
くりくり,くりくり,副詞,-0.274715,
重重,じゅうじゅう,副詞,-0.274884,
もたもた,もたもた,副詞,-0.275298,
ぼてぼて,ぼてぼて,副詞,-0.276394,
ふにゃふにゃ,ふにゃふにゃ,副詞,-0.277833,
ごそごそ,ごそごそ,副詞,-0.277848,
夜通し,よどおし,副詞,-0.279116,
末始終,すえしじゅう,副詞,-0.279602,
余程,よほど,副詞,-0.280032,
畢竟,ひっきょう,副詞,-0.28018,
ちゃんと,ちゃんと,副詞,-0.280786,
きゃあきゃあ,きゃあきゃあ,副詞,-0.281028,
流石,さすが,副詞,-0.281609,
忽然と,こつねんと,副詞,-0.282207,
せめて,せめて,副詞,-0.282485,
概して,がいして,副詞,-0.282576,
遥か,はるか,副詞,-0.283165,
到底,とうてい,副詞,-0.283332,
驀地,まっしぐら,副詞,-0.283554,
最も,もっとも,副詞,-0.283575,
ぱったり,ぱったり,副詞,-0.284014,
万万,ばんばん,副詞,-0.28557,
荏苒,じんぜん,副詞,-0.285646,
にょろにょろ,にょろにょろ,副詞,-0.286181,
そうこう,そうこう,副詞,-0.286313,
くさくさ,くさくさ,副詞,-0.287934,
ぐっと,ぐっと,副詞,-0.28798,
命からがら,いのちからがら,副詞,-0.288196,
まったり,まったり,副詞,-0.288503,
がぶりと,がぶりと,副詞,-0.288767,
初めまして,はじめまして,副詞,-0.289099,
突如,とつじょ,副詞,-0.289598,
改めて,あらためて,副詞,-0.291937,
時時刻刻,じじこっこく,副詞,-0.292209,
頑として,がんとして,副詞,-0.292267,
がばと,がばと,副詞,-0.292338,
へなへな,へなへな,副詞,-0.292617,
ひたと,ひたと,副詞,-0.293052,
辛くも,からくも,副詞,-0.294765,
つけつけ,つけつけ,副詞,-0.29535,
果然,かぜん,副詞,-0.297638,
転た,うたた,副詞,-0.302063,
ありあり,ありあり,副詞,-0.302591,
ぷすりと,ぷすりと,副詞,-0.305237,
ほんのり,ほんのり,副詞,-0.305283,
極めて,きわめて,副詞,-0.307421,
何やら,なにやら,副詞,-0.307869,
年年,としどし,副詞,-0.30858,
素より,もとより,副詞,-0.308838,
別して,べっして,副詞,-0.30927,
なまじ,なまじ,副詞,-0.309595,
のっそり,のっそり,副詞,-0.311146,
少なくとも,すくなくとも,副詞,-0.312943,
十分,じゅうぶん,副詞,-0.313183,
どっかり,どっかり,副詞,-0.31597,
ああ,ああ,副詞,-0.31688,
ふらりと,ふらりと,副詞,-0.31729,
さしあたり,さしあたり,副詞,-0.318362,
朝な夕な,あさなゆうな,副詞,-0.319419,
よぼよぼ,よぼよぼ,副詞,-0.319505,
年年,ねんねん,副詞,-0.319678,
早速,さっそく,副詞,-0.320195,
徒然,つれづれ,副詞,-0.320453,
ぼんやり,ぼんやり,副詞,-0.320916,
ゆさゆさ,ゆさゆさ,副詞,-0.321345,
たった,たった,副詞,-0.322991,
どんと,どんと,副詞,-0.32467,
幾分,いくぶん,副詞,-0.325132,
かいくれ,かいくれ,副詞,-0.327448,
年中,ねんじゅう,副詞,-0.328228,
ちやほや,ちやほや,副詞,-0.328589,
すらり,すらり,副詞,-0.328734,
何だか,なんだか,副詞,-0.329697,
居ながら,いながら,副詞,-0.330452,
決して,けっして,副詞,-0.331464,
かっちり,かっちり,副詞,-0.332418,
希くは,こいねがわくは,副詞,-0.33349,
近近,きんきん,副詞,-0.334019,
何とぞ,なにとぞ,副詞,-0.334912,
恐らく,おそらく,副詞,-0.335858,
追追,おいおい,副詞,-0.336028,
だらり,だらり,副詞,-0.33606,
ぴたりと,ぴたりと,副詞,-0.336674,
すっと,すっと,副詞,-0.336759,
なみなみ,なみなみ,副詞,-0.337425,
びしびし,びしびし,副詞,-0.339739,
一時に,いちどきに,副詞,-0.340194,
大方,おおかた,副詞,-0.340204,
とっくり,とっくり,副詞,-0.340974,
押し並べて,おしなべて,副詞,-0.341933,
ばっさり,ばっさり,副詞,-0.342909,
くらくら,くらくら,副詞,-0.3437,
一概に,いちがいに,副詞,-0.345347,
専ら,もっぱら,副詞,-0.345528,
ぷんと,ぷんと,副詞,-0.346515,
やんわり,やんわり,副詞,-0.346666,
徒然,とぜん,副詞,-0.349586,
しかく,しかく,副詞,-0.349834,
へいこら,へいこら,副詞,-0.351545,
すごすご,すごすご,副詞,-0.353129,
滅法,めっぽう,副詞,-0.353446,
多多,たた,副詞,-0.354553,
へどもど,へどもど,副詞,-0.354576,
うかと,うかと,副詞,-0.355806,
のっしのっし,のっしのっし,副詞,-0.355934,
とろんと,とろんと,副詞,-0.356139,
日に日に,ひにひに,副詞,-0.356987,
何しろ,なにしろ,副詞,-0.3577,
たま,たま,副詞,-0.357927,
ちゃらちゃら,ちゃらちゃら,副詞,-0.359644,
でんこう,でんこうニュース,副詞,-0.36024,
ぴょこぴょこ,ぴょこぴょこ,副詞,-0.360481,
もぐもぐ,もぐもぐ,副詞,-0.36068,
うそうそ,うそうそ,副詞,-0.361298,
へいへい,へいへい,副詞,-0.361981,
麗麗と,れいれいと,副詞,-0.362176,
層一層,そういっそう,副詞,-0.363422,
ちょぼちょぼ,ちょぼちょぼ,副詞,-0.364081,
きゅっと,きゅっと,副詞,-0.364276,
つかつか,つかつか,副詞,-0.365592,
安んぞ,いずくんぞ,副詞,-0.366688,
至急,しきゅう,副詞,-0.367669,
うろちょろ,うろちょろ,副詞,-0.367837,
すぐさま,すぐさま,副詞,-0.368014,
大変,たいへん,副詞,-0.369115,
飽くまで,あくまで,副詞,-0.369705,
ずるずる,ずるずる,副詞,-0.369802,
とことん,とことん,副詞,-0.37125,
遺憾無く,いかんなく,副詞,-0.371276,
憚りながら,はばかりながら,副詞,-0.371344,
何とか,なんとか,副詞,-0.372072,
必ずしも,かならずしも,副詞,-0.372851,
ぞろぞろ,ぞろぞろ,副詞,-0.373258,
ごそっと,ごそっと,副詞,-0.374511,
長らく,ながらく,副詞,-0.375333,
又もや,またもや,副詞,-0.375693,
当然,とうぜん,副詞,-0.376253,
あっけらかんと,あっけらかんと,副詞,-0.377456,
大抵,たいてい,副詞,-0.378488,
時として,ときとして,副詞,-0.37853,
比較的,ひかくてき,副詞,-0.379158,
ぺこりと,ぺこりと,副詞,-0.37989,
何分,なにぶん,副詞,-0.3799,
早早,そうそう,副詞,-0.379949,
果して,はたして,副詞,-0.381052,
どんぴしゃり,どんぴしゃり,副詞,-0.381212,
蓋し,けだし,副詞,-0.381794,
どかっと,どかっと,副詞,-0.382456,
偏に,ひとえに,副詞,-0.382933,
予て,かねて,副詞,-0.383583,
寧ろ,むしろ,副詞,-0.383819,
縦し,よし,副詞,-0.385428,
じゃんじゃん,じゃんじゃん,副詞,-0.386128,
一味,ひとあじ,副詞,-0.387123,
じわりじわり,じわりじわり,副詞,-0.388333,
どっかと,どっかと,副詞,-0.389038,
きっと,きっと,副詞,-0.389244,
極極,ごくごく,副詞,-0.389804,
さては,さては,副詞,-0.391963,
すらすら,すらすら,副詞,-0.392117,
ぱらぱら,ぱらぱら,副詞,-0.392167,
からきし,からきし,副詞,-0.392222,
忽然と,こつぜんと,副詞,-0.394156,
がらり,がらり,副詞,-0.395454,
めそめそ,めそめそ,副詞,-0.396312,
返す返す,かえすがえす,副詞,-0.396882,
間間,まま,副詞,-0.397642,
爾,じ,副詞,-0.39771,
猶,なお,副詞,-0.398619,
態態,わざわざ,副詞,-0.398762,
一味,いちみ,副詞,-0.399126,
はっきり,はっきり,副詞,-0.400024,
くねくね,くねくね,副詞,-0.401144,
たまに,たまに,副詞,-0.40135,
うかうか,うかうか,副詞,-0.40199,
当分,とうぶん,副詞,-0.403434,
ひらひら,ひらひら,副詞,-0.403626,
更更,さらさら,副詞,-0.403903,
ぽろりと,ぽろりと,副詞,-0.404167,
まじまじ,まじまじ,副詞,-0.405088,
二度と,にどと,副詞,-0.406042,
遮二無二,しゃにむに,副詞,-0.406575,
何一つ,なにひとつ,副詞,-0.408295,
どうやら,どうやら,副詞,-0.409712,
じゃらじゃら,じゃらじゃら,副詞,-0.410034,
如何,いかが,副詞,-0.41026,
ぽっかり,ぽっかり,副詞,-0.410824,
がたんと,がたんと,副詞,-0.411082,
何等,なんら,副詞,-0.411135,
よよと,よよと,副詞,-0.411474,
すっくと,すっくと,副詞,-0.411613,
爾来,じらい,副詞,-0.411681,
どうにか,どうにか,副詞,-0.411938,
ぺたぺた,ぺたぺた,副詞,-0.413086,
行く行く,ゆくゆく,副詞,-0.413244,
断然,だんぜん,副詞,-0.413393,
一先ず,ひとまず,副詞,-0.41422,
往往,おうおう,副詞,-0.414294,
ぼやぼや,ぼやぼや,副詞,-0.414352,
けろりと,けろりと,副詞,-0.41465,
ふわりと,ふわりと,副詞,-0.415534,
ばりばり,ばりばり,副詞,-0.416471,
これから,これから,副詞,-0.417106,
案外,あんがい,副詞,-0.417226,
よっぽど,よっぽど,副詞,-0.417286,
切に,せつに,副詞,-0.417468,
ひょっと,ひょっと,副詞,-0.417985,
げっそり,げっそり,副詞,-0.418063,
覚えず,おぼえず,副詞,-0.418411,
近近,ちかぢか,副詞,-0.419106,
ちっとも,ちっとも,副詞,-0.419508,
ぬけぬけ,ぬけぬけ,副詞,-0.419763,
ひそひそ,ひそひそ,副詞,-0.420059,
益,ますます,副詞,-0.421675,
颯と,さっと,副詞,-0.422835,
毛頭,もうとう,副詞,-0.422851,
さして,さして,副詞,-0.423837,
やきもき,やきもき,副詞,-0.424089,
若しも,もしも,副詞,-0.424169,
ぽっきり,ぽっきり,副詞,-0.426344,
何でも,なんでも,副詞,-0.426918,
夢更,ゆめさら,副詞,-0.427958,
すんなり,すんなり,副詞,-0.428936,
曾て,かつて,副詞,-0.428947,
苟も,いやしくも,副詞,-0.42895,
とろとろ,とろとろ,副詞,-0.429052,
遍く,あまねく,副詞,-0.429564,
ぐったり,ぐったり,副詞,-0.43063,
時には,ときには,副詞,-0.431462,
常常,つねづね,副詞,-0.431512,
ぐいと,ぐいと,副詞,-0.431617,
万,よろず,副詞,-0.431768,
何となく,なにとなく,副詞,-0.431817,
本来,ほんらい,副詞,-0.432238,
中中,なかなか,副詞,-0.432948,
ぎゃあぎゃあ,ぎゃあぎゃあ,副詞,-0.433366,
ぽうっと,ぽうっと,副詞,-0.433465,
順に,じゅんに,副詞,-0.436954,
よちよち,よちよち,副詞,-0.437065,
でれっと,でれっと,副詞,-0.437094,
ぴんと,ぴんと,副詞,-0.437995,
かねがね,かねがね,副詞,-0.43934,
ぼとぼと,ぼとぼと,副詞,-0.44002,
ゆらゆら,ゆらゆら,副詞,-0.440027,
飛び飛び,とびとび,副詞,-0.440706,
仰山,ぎょうさん,副詞,-0.441539,
じわじわ,じわじわ,副詞,-0.44227,
満更,まんざら,副詞,-0.442632,
しこたま,しこたま,副詞,-0.442774,
へたへた,へたへた,副詞,-0.442795,
ちょくちょく,ちょくちょく,副詞,-0.442805,
まあ,まあ,副詞,-0.443848,
ぎゅっと,ぎゅっと,副詞,-0.445067,
いっそ,いっそ,副詞,-0.445279,
ちらちら,ちらちら,副詞,-0.446682,
ひやりと,ひやりと,副詞,-0.446914,
むしゃむしゃ,むしゃむしゃ,副詞,-0.447087,
如何せん,いかんせん,副詞,-0.447109,
数多,すうた,副詞,-0.447203,
ぽつりぽつり,ぽつりぽつり,副詞,-0.447866,
一向,いっこう,副詞,-0.448548,
軈て,やがて,副詞,-0.449344,
くるくる,くるくる,副詞,-0.449353,
年がら年中,ねんがらねんじゅう,副詞,-0.449468,
唯唯,ただただ,副詞,-0.450636,
ぺちゃくちゃ,ぺちゃくちゃ,副詞,-0.453217,
ひしひし,ひしひし,副詞,-0.45347,
ぶるぶる,ぶるぶる,副詞,-0.453816,
ざっくり,ざっくり,副詞,-0.453992,
万,ばん,副詞,-0.455404,
さしずめ,さしずめ,副詞,-0.456506,
若し,もし,副詞,-0.456959,
少しも,すこしも,副詞,-0.457075,
到頭,とうとう,副詞,-0.457083,
ねちねち,ねちねち,副詞,-0.457793,
ぴっちり,ぴっちり,副詞,-0.459372,
じっとり,じっとり,副詞,-0.459838,
どかどか,どかどか,副詞,-0.460462,
にやにや,にやにや,副詞,-0.460661,
まるで,まるで,副詞,-0.462431,
ぐびぐび,ぐびぐび,副詞,-0.462727,
再三,さいさん,副詞,-0.46378,
かっと,かっと,副詞,-0.465727,
敢えて,あえて,副詞,-0.465776,
ぐじゃぐじゃ,ぐじゃぐじゃ,副詞,-0.466539,
生半,なまなか,副詞,-0.467709,
たって,たって,副詞,-0.468642,
一応,いちおう,副詞,-0.4693,
さめざめ,さめざめ,副詞,-0.469679,
漫ろ,そぞろ,副詞,-0.470537,
繁繁,しげしげ,副詞,-0.471075,
ひしと,ひしと,副詞,-0.47115,
もりもり,もりもり,副詞,-0.471421,
おめおめ,おめおめ,副詞,-0.472749,
重ね重ね,かさねがさね,副詞,-0.473106,
ふつふつ,ふつふつ,副詞,-0.473422,
ぺらぺら,ぺらぺら,副詞,-0.474371,
自ずから,おのずから,副詞,-0.475049,
ぽつんと,ぽつんと,副詞,-0.475204,
順次,じゅんじ,副詞,-0.475518,
ぐりぐり,ぐりぐり,副詞,-0.47552,
さほど,さほど,副詞,-0.475602,
取敢えず,とりあえず,副詞,-0.476601,
ほろほろ,ほろほろ,副詞,-0.476633,
直ちに,ただちに,副詞,-0.478105,
ぶらりと,ぶらりと,副詞,-0.478228,
にたりと,にたりと,副詞,-0.478869,
たまゆら,たまゆら,副詞,-0.479206,
うとうと,うとうと,副詞,-0.479739,
最早,もはや,副詞,-0.479961,
辛うじて,かろうじて,副詞,-0.480243,
ぼうっと,ぼうっと,副詞,-0.480277,
ひらりと,ひらりと,副詞,-0.480991,
すぱすぱ,すぱすぱ,副詞,-0.481179,
別途,べっと,副詞,-0.481561,
まるっきり,まるっきり,副詞,-0.481896,
ふっと,ふっと,副詞,-0.482469,
がっかり,がっかり,副詞,-0.483386,
ぎっしり,ぎっしり,副詞,-0.483438,
おさおさ,おさおさ,副詞,-0.484322,
どうも,どうも,副詞,-0.484764,
ひょろひょろ,ひょろひょろ,副詞,-0.487145,
じろりと,じろりと,副詞,-0.487597,
ちらりほらり,ちらりほらり,副詞,-0.489382,
びりびり,びりびり,副詞,-0.489639,
現に,げんに,副詞,-0.489819,
己がじし,おのがじし,副詞,-0.490297,
ともすると,ともすると,副詞,-0.491435,
ぽちゃぽちゃ,ぽちゃぽちゃ,副詞,-0.492349,
追って,おって,副詞,-0.492707,
度度,よりより,副詞,-0.493303,
ちびちび,ちびちび,副詞,-0.493667,
もやもや,もやもや,副詞,-0.493757,
やっとこ,やっとこ,副詞,-0.495241,
長長,ながなが,副詞,-0.495521,
如何様,いかさま,副詞,-0.496309,
ぶすぶす,ぶすぶす,副詞,-0.496417,
ずっと,ずっと,副詞,-0.496938,
猶猶,なおなお,副詞,-0.497284,
まざまざ,まざまざ,副詞,-0.498427,
未だ未だ,まだまだ,副詞,-0.498685,
うろうろ,うろうろ,副詞,-0.500595,
即ち,すなわち,副詞,-0.500969,
ちくちく,ちくちく,副詞,-0.501,
ぞろりと,ぞろりと,副詞,-0.501143,
金輪際,こんりんざい,副詞,-0.501581,
つらつら,つらつら,副詞,-0.502128,
愈,いよいよ,副詞,-0.50333,
ぽんぽん,ぽんぽん,副詞,-0.503905,
引続き,ひきつづき,副詞,-0.505014,
目一杯,めいっぱい,副詞,-0.505142,
せかせか,せかせか,副詞,-0.505395,
かさかさ,かさかさ,副詞,-0.505881,
ぬめぬめ,ぬめぬめ,副詞,-0.506136,
びっしり,びっしり,副詞,-0.506245,
とろりと,とろりと,副詞,-0.507046,
わいわい,わいわい,副詞,-0.507426,
平に,ひらに,副詞,-0.508976,
始終,しじゅう,副詞,-0.513002,
うつうつ,うつうつ,副詞,-0.513851,
かれこれ,かれこれ,副詞,-0.513878,
毫も,ごうも,副詞,-0.51435,
つるつる,つるつる,副詞,-0.519458,
ふさふさ,ふさふさ,副詞,-0.521091,
しょっちゅう,しょっちゅう,副詞,-0.522492,
何ぞ,なんぞ,副詞,-0.523851,
ちょこまか,ちょこまか,副詞,-0.525127,
ちょいちょい,ちょいちょい,副詞,-0.526513,
又又,またまた,副詞,-0.526555,
後程,のちほど,副詞,-0.526786,
幾許,いくばく,副詞,-0.526913,
必ず,かならず,副詞,-0.528095,
うっすら,うっすら,副詞,-0.52953,
ちらほら,ちらほら,副詞,-0.529805,
思わず,おもわず,副詞,-0.531011,
独りでに,ひとりでに,副詞,-0.531163,
ぼうぼう,ぼうぼう,副詞,-0.532059,
まんじりと,まんじりと,副詞,-0.532064,
度度,どど,副詞,-0.535226,
真平,まっぴら,副詞,-0.535469,
やいのやいの,やいのやいの,副詞,-0.535717,
どろどろ,どろどろ,副詞,-0.535943,
逐日,ちくじつ,副詞,-0.536757,
悉く,ことごとく,副詞,-0.53687,
ずんぐりむっくり,ずんぐりむっくり,副詞,-0.538673,
ごしごし,ごしごし,副詞,-0.539661,
じっくり,じっくり,副詞,-0.540316,
得てして,えてして,副詞,-0.540607,
ばったり,ばったり,副詞,-0.540938,
そよそよ,そよそよ,副詞,-0.541429,
ずきずき,ずきずき,副詞,-0.542252,
どうにか,どうにかして,副詞,-0.542476,
熟,つくづく,副詞,-0.543564,
いけしゃあしゃあ,いけしゃあしゃあ,副詞,-0.544819,
つい,つい,副詞,-0.545666,
ごっそり,ごっそり,副詞,-0.545928,
つくねんと,つくねんと,副詞,-0.546146,
年来,ねんらい,副詞,-0.546795,
そうそう,そうそう,副詞,-0.547554,
しっとり,しっとり,副詞,-0.547646,
がくんと,がくんと,副詞,-0.548105,
共に,ともに,副詞,-0.550214,
またぞろ,またぞろ,副詞,-0.5506,
今や,いまや,副詞,-0.551729,
むずと,むずと,副詞,-0.552717,
べとべと,べとべと,副詞,-0.553339,
殊に,ことに,副詞,-0.55373,
どうやら,どうやらこうやら,副詞,-0.554389,
未だ,いまだ,副詞,-0.554439,
聞くならく,きくならく,副詞,-0.554521,
ぴくぴく,ぴくぴく,副詞,-0.558221,
ぺたりと,ぺたりと,副詞,-0.558932,
予め,あらかじめ,副詞,-0.559496,
ちゃっかり,ちゃっかり,副詞,-0.559588,
随分,ずいぶん,副詞,-0.560311,
てんやわんや,てんやわんや,副詞,-0.561244,
がさがさ,がさがさ,副詞,-0.562131,
べらべら,べらべら,副詞,-0.562464,
ぎょろぎょろ,ぎょろぎょろ,副詞,-0.562743,
立ち所に,たちどころに,副詞,-0.563067,
ちょこちょこ,ちょこちょこ,副詞,-0.563427,
ころころ,ころころ,副詞,-0.563728,
べったり,べったり,副詞,-0.563773,
漸く,ようやく,副詞,-0.56408,
よろよろ,よろよろ,副詞,-0.566687,
じりじり,じりじり,副詞,-0.566821,
一度に,いちどに,副詞,-0.566893,
度度,たびたび,副詞,-0.567248,
ひくひく,ひくひく,副詞,-0.567409,
ぶらぶら,ぶらぶら,副詞,-0.56758,
ふらふら,ふらふら,副詞,-0.568028,
べろりと,べろりと,副詞,-0.56912,
きょろきょろ,きょろきょろ,副詞,-0.569651,
正に,まさに,副詞,-0.569783,
のべつ,のべつ,副詞,-0.571959,
とやかく,とやかく,副詞,-0.573685,
どうして,どうして,副詞,-0.574119,
ぐらぐら,ぐらぐら,副詞,-0.574496,
ごしゃごしゃ,ごしゃごしゃ,副詞,-0.576379,
むっと,むっと,副詞,-0.576599,
時に,ときに,副詞,-0.577886,
とっぷり,とっぷり,副詞,-0.5782,
時折,ときおり,副詞,-0.580078,
てんから,てんから,副詞,-0.581131,
例えば,たとえば,副詞,-0.581687,
妙に,みょうに,副詞,-0.583294,
ぎゃふん,ぎゃふん,副詞,-0.584402,
ほとほと,ほとほと,副詞,-0.584415,
ふっつり,ふっつり,副詞,-0.584731,
屡,しばしば,副詞,-0.585061,
ぬらりくらり,ぬらりくらり,副詞,-0.586939,
暫し,しばし,副詞,-0.587577,
皆目,かいもく,副詞,-0.588865,
何とも,なんとも,副詞,-0.592504,
多少,たしょう,副詞,-0.595549,
ぽかぽか,ぽかぽか,副詞,-0.596806,
無慮,むりょ,副詞,-0.597316,
かんかん,かんかん,副詞,-0.598433,
ぬらぬら,ぬらぬら,副詞,-0.599637,
ぐるぐる,ぐるぐる,副詞,-0.600479,
比比,ひひ,副詞,-0.601254,
ぷっつり,ぷっつり,副詞,-0.602147,
しおしお,しおしお,副詞,-0.602343,
早,はや,副詞,-0.602453,
もくもく,もくもく,副詞,-0.603867,
ちょこなんと,ちょこなんと,副詞,-0.605465,
とんと,とんと,副詞,-0.605903,
ぐさりと,ぐさりと,副詞,-0.606018,
めらめら,めらめら,副詞,-0.607091,
まるきり,まるきり,副詞,-0.607244,
へらへら,へらへら,副詞,-0.607604,
ぺろぺろ,ぺろぺろ,副詞,-0.607905,
がやがや,がやがや,副詞,-0.608608,
むくむく,むくむく,副詞,-0.608955,
ふかふか,ふかふか,副詞,-0.609306,
ものの,ものの,副詞,-0.609344,
ほっそり,ほっそり,副詞,-0.609594,
てんで,てんで,副詞,-0.612033,
猶,ゆう,副詞,-0.613209,
そそくさ,そそくさ,副詞,-0.61325,
のらくら,のらくら,副詞,-0.613286,
よくよく,よくよく,副詞,-0.614369,
ぬうっと,ぬうっと,副詞,-0.615457,
どたばた,どたばた,副詞,-0.615677,
重ねて,かさねて,副詞,-0.616734,
内内,ないない,副詞,-0.617152,
くだくだ,くだくだ,副詞,-0.617891,
にやりと,にやりと,副詞,-0.618079,
道すがら,みちすがら,副詞,-0.618125,
ざらざら,ざらざら,副詞,-0.618294,
割に,わりに,副詞,-0.619062,
斯く,かく,副詞,-0.619195,
徹頭徹尾,てっとうてつび,副詞,-0.619477,
ちょこんと,ちょこんと,副詞,-0.619628,
すっぽり,すっぽり,副詞,-0.620539,
ぱくぱく,ぱくぱく,副詞,-0.622309,
ふと,ふと,副詞,-0.622357,
ちっと,ちっとやそっと,副詞,-0.622581,
終に,ついに,副詞,-0.623669,
根から,ねから,副詞,-0.625318,
ぽっちり,ぽっちり,副詞,-0.625672,
丸丸,まるまる,副詞,-0.626338,
どやどや,どやどや,副詞,-0.626817,
ぽとりと,ぽとりと,副詞,-0.628136,
こてこて,こてこて,副詞,-0.628535,
ぬるりと,ぬるりと,副詞,-0.628875,
ひたすら,ひたすら,副詞,-0.629067,
ちっと,ちっと,副詞,-0.629664,
ぶすりと,ぶすりと,副詞,-0.630464,
少しく,すこしく,副詞,-0.630596,
ぷかぷか,ぷかぷか,副詞,-0.632357,
でかでか,でかでか,副詞,-0.632475,
共共,ともども,副詞,-0.633419,
ざっと,ざっと,副詞,-0.6346,
ひねもす,ひねもす,副詞,-0.636875,
ぽかっと,ぽかっと,副詞,-0.637454,
陰ながら,かげながら,副詞,-0.637788,
いと,いと,副詞,-0.639071,
がたがた,がたがた,副詞,-0.640961,
苛苛,いらいら,副詞,-0.641621,
ぬるぬる,ぬるぬる,副詞,-0.643694,
一一,いちいち,副詞,-0.643817,
しゃぶしゃぶ,しゃぶしゃぶ,副詞,-0.644893,
僅僅,きんきん,副詞,-0.646475,
ぽとぽと,ぽとぽと,副詞,-0.646501,
終日,ひもすがら,副詞,-0.648492,
どっぷり,どっぷり,副詞,-0.648675,
丸ごと,まるごと,副詞,-0.652026,
ちょっぴり,ちょっぴり,副詞,-0.654829,
つべこべ,つべこべ,副詞,-0.65969,
全然,ぜんぜん,副詞,-0.659821,
枉げて,まげて,副詞,-0.660795,
ぽろぽろ,ぽろぽろ,副詞,-0.660889,
何時も,いつも,副詞,-0.662119,
元元,もともと,副詞,-0.662357,
兎角,とかく,副詞,-0.665234,
じっと,じっと,副詞,-0.671085,
抑,よく,副詞,-0.671196,
縦しんば,よしんば,副詞,-0.6717,
ちと,ちと,副詞,-0.672026,
ごちゃごちゃ,ごちゃごちゃ,副詞,-0.673217,
やっと,やっと,副詞,-0.675394,
もう,もう,副詞,-0.676759,
べっとり,べっとり,副詞,-0.677139,
ぐるり,ぐるり,副詞,-0.679091,
べたべた,べたべた,副詞,-0.679743,
もじゃもじゃ,もじゃもじゃ,副詞,-0.680556,
何とて,なにとて,副詞,-0.680748,
ちろちろ,ちろちろ,副詞,-0.682823,
すってんころりと,すってんころりと,副詞,-0.685526,
寸毫,すんごう,副詞,-0.685785,
そっくり,そっくり,副詞,-0.686328,
べろべろ,べろべろ,副詞,-0.687279,
ぽかんと,ぽかんと,副詞,-0.687869,
ふわふわ,ふわふわ,副詞,-0.687969,
べたりと,べたりと,副詞,-0.690911,
何で,なんで,副詞,-0.691233,
ぐちゃぐちゃ,ぐちゃぐちゃ,副詞,-0.692583,
はらはら,はらはら,副詞,-0.693136,
主に,おもに,副詞,-0.696677,
ともかく,ともかく,副詞,-0.697648,
ぼこぼこ,ぼこぼこ,副詞,-0.697865,
躍起,やっき,副詞,-0.698245,
何せ,なにせ,副詞,-0.698583,
こそこそ,こそこそ,副詞,-0.700498,
今にも,いまにも,副詞,-0.700611,
細細,ほそぼそ,副詞,-0.700843,
まず,まず,副詞,-0.701918,
ぽつねんと,ぽつねんと,副詞,-0.704429,
ほっと,ほっと,副詞,-0.704677,
急遽,きゅうきょ,副詞,-0.707128,
がんがん,がんがん,副詞,-0.708538,
再度,さいど,副詞,-0.709616,
突然,とつぜん,副詞,-0.709672,
あわや,あわや,副詞,-0.709686,
単に,たんに,副詞,-0.709854,
あたふた,あたふた,副詞,-0.710676,
粗,そ,副詞,-0.714798,
思い思い,おもいおもい,副詞,-0.716931,
ふっくら,ふっくら,副詞,-0.717167,
ぼさぼさ,ぼさぼさ,副詞,-0.719627,
一朝,いっちょう,副詞,-0.720348,
人知れず,ひとしれず,副詞,-0.721239,
うっかり,うっかり,副詞,-0.721253,
別に,べつに,副詞,-0.722557,
忽焉,こつえん,副詞,-0.723849,
忽ち,たちまち,副詞,-0.726631,
何故,なにゆえ,副詞,-0.730477,
絶えず,たえず,副詞,-0.736668,
些か,いささか,副詞,-0.738112,
密密,みつみつ,副詞,-0.740398,
朝な朝な,あさなあさな,副詞,-0.752106,
斯く斯く,かくかく,副詞,-0.752319,
とにかく,とにかく,副詞,-0.754247,
べちゃくちゃ,べちゃくちゃ,副詞,-0.758166,
遅くとも,おそくとも,副詞,-0.75897,
仮に,かりに,副詞,-0.761894,
ぽたぽた,ぽたぽた,副詞,-0.762428,
ぼたぼた,ぼたぼた,副詞,-0.762893,
一頻り,ひとしきり,副詞,-0.770361,
ぶよぶよ,ぶよぶよ,副詞,-0.772629,
赤赤と,あかあかと,副詞,-0.773515,
きょとんと,きょとんと,副詞,-0.775011,
殊更,ことさら,副詞,-0.777953,
真直ぐ,まっすぐ,副詞,-0.779074,
主として,しゅとして,副詞,-0.782556,
何故,なぜ,副詞,-0.783583,
交交,こもごも,副詞,-0.783939,
懇懇と,こんこんと,副詞,-0.787121,
やわか,やわか,副詞,-0.793488,
ぴょんぴょん,ぴょんぴょん,副詞,-0.798402,
ぞっと,ぞっと,副詞,-0.805079,
つるりと,つるりと,副詞,-0.805186,
そっと,そっと,副詞,-0.806743,
やたら,やたら,副詞,-0.8084,
おどおど,おどおど,副詞,-0.815091,
秋毫,しゅうごう,副詞,-0.816435,
一杯,いっぱい,副詞,-0.820019,
ふんわり,ふんわり,副詞,-0.822997,
深深と,ふかぶかと,副詞,-0.823048,
なるほど,なるほど,副詞,-0.823048,
時時,ときどき,副詞,-0.828154,
何がなし,なにがなし,副詞,-0.83167,
ちらり,ちらり,副詞,-0.832083,
ずぶりと,ずぶりと,副詞,-0.832701,
渋渋,しぶしぶ,副詞,-0.833409,
実際,じっさい,副詞,-0.839058,
ひっそり,ひっそり,副詞,-0.847987,
既に,すでに,副詞,-0.852714,
再び,ふたたび,副詞,-0.853331,
ごたごた,ごたごた,副詞,-0.856297,
一旦,いったん,副詞,-0.864766,
代る代る,かわるがわる,副詞,-0.868406,
細細,こまごま,副詞,-0.873132,
こっそり,こっそり,副詞,-0.876533,
全く,まったく,副詞,-0.888037,
更に,さらに,副詞,-0.889715,
どうして,どうしても,副詞,-0.891896,
却って,かえって,副詞,-0.896573,
すっかり,すっかり,副詞,-0.898129,
ぷんぷん,ぷんぷん,副詞,-0.909426,
態と,わざと,副詞,-0.914788,
やや,やや,副詞,-0.918986,
初めて,はじめて,副詞,-0.922447,
暫く,しばらく,副詞,-0.929642,
極,ごく,副詞,-0.932318,
さ,さ,副詞,-0.93584,
頻りに,しきりに,副詞,-0.936535,
どう,どう,副詞,-0.941861,
仮令,たとえ,副詞,-0.942446,
へろへろ,へろへろ,副詞,-0.954882,
如何にも,いかにも,副詞,-0.957939,
きりきり,きりきり,副詞,-0.961859,
とぼとぼ,とぼとぼ,副詞,-0.962944,
にたにた,にたにた,副詞,-0.963749,
うじうじ,うじうじ,副詞,-0.966065,
ころり,ころり,副詞,-0.970473,
少し,すこし,副詞,-0.97139,
おろおろ,おろおろ,副詞,-0.973931,
何となく,なんとなく,副詞,-0.975136,
悪しからず,あしからず,副詞,-0.976857,
こってり,こってり,副詞,-0.97705,
まごまご,まごまご,副詞,-0.977219,
ぼそぼそ,ぼそぼそ,副詞,-0.977252,
ぎくりと,ぎくりと,副詞,-0.978159,
ぞくぞく,ぞくぞく,副詞,-0.978479,
くよくよ,くよくよ,副詞,-0.978974,
どきりと,どきりと,副詞,-0.979166,
直ぐ,すぐ,副詞,-0.979316,
もさっと,もさっと,副詞,-0.979792,
のこのこ,のこのこ,副詞,-0.979802,
未だ,まだ,副詞,-0.979876,
ぐしゃっと,ぐしゃっと,副詞,-0.980021,
ぎょっと,ぎょっと,副詞,-0.980469,
小ぢんまり,こぢんまり,副詞,-0.981587,
ぴりぴり,ぴりぴり,副詞,-0.982769,
もじもじ,もじもじ,副詞,-0.983162,
ぷいと,ぷいと,副詞,-0.983755,
もぞもぞ,もぞもぞ,副詞,-0.984638,
がっくり,がっくり,副詞,-0.984834,
ぎゅうぎゅう,ぎゅうぎゅう,副詞,-0.984951,
ずんぐり,ずんぐり,副詞,-0.985301,
だぶだぶ,だぶだぶ,副詞,-0.98543,
ずけずけ,ずけずけ,副詞,-0.985996,
うようよ,うようよ,副詞,-0.986545,
がくがく,がくがく,副詞,-0.986748,
ぶうぶう,ぶうぶう,副詞,-0.986803,
ぶすっと,ぶすっと,副詞,-0.987061,
じたばた,じたばた,副詞,-0.987177,
しくしく,しくしく,副詞,-0.987364,
たらたら,たらたら,副詞,-0.987624,
ぽっくり,ぽっくり,副詞,-0.987778,
くどくど,くどくど,副詞,-0.987949,
一寸,ちょっと,副詞,-0.988119,
わなわな,わなわな,副詞,-0.988875,
うじゃうじゃ,うじゃうじゃ,副詞,-0.988985,
なよなよ,なよなよ,副詞,-0.989033,
ねとねと,ねとねと,副詞,-0.989138,
あんぐり,あんぐり,副詞,-0.989301,
つんけん,つんけん,副詞,-0.989587,
もっさり,もっさり,副詞,-0.989962,
きゅうきゅう,きゅうきゅう,副詞,-0.990332,
ちょろちょろ,ちょろちょろ,副詞,-0.990489,
ひりひり,ひりひり,副詞,-0.990732,
かつかつ,かつかつ,副詞,-0.990823,
ばさばさ,ばさばさ,副詞,-0.990968,
ぎしぎし,ぎしぎし,副詞,-0.99098,
生憎,あいにく,副詞,-0.991075,
嫌に,いやに,副詞,-0.991153,
だらだら,だらだら,副詞,-0.991215,
ぎょろりと,ぎょろりと,副詞,-0.991484,
ずっぷり,ずっぷり,副詞,-0.991504,
ぷりぷり,ぷりぷり,副詞,-0.991555,
のろのろ,のろのろ,副詞,-0.991745,
ねっとり,ねっとり,副詞,-0.991759,
きょときょと,きょときょと,副詞,-0.991857,
あっぷあっぷ,あっぷあっぷ,副詞,-0.991927,
ぶくぶく,ぶくぶく,副詞,-0.992005,
しょんぼり,しょんぼり,副詞,-0.992054,
粗,あら,副詞,-0.992087,
お高く,おたかく,副詞,-0.992799,
てんでに,てんでに,副詞,-0.993112,
じとじと,じとじと,副詞,-0.993316,
ねっちり,ねっちり,副詞,-0.993396,
僅か,わずか,副詞,-0.993728,
つんつん,つんつん,副詞,-0.993786,
ごてごて,ごてごて,副詞,-0.993866,
びっしょり,びっしょり,副詞,-0.994559,
がみがみ,がみがみ,副詞,-0.994667,
ぶつぶつ,ぶつぶつ,副詞,-0.994751,
つんと,つんと,副詞,-0.994764,
恐恐,こわごわ,副詞,-0.995447,
ぼそっと,ぼそっと,副詞,-0.995574,
びくびく,びくびく,副詞,-0.995632,
しゅんと,しゅんと,副詞,-0.995697,
恐恐,きょうきょう,副詞,-0.995829,
ぐっしょり,ぐっしょり,副詞,-0.996354,
がつがつ,がつがつ,副詞,-0.99636,
いやいや,いやいやながら,副詞,-0.996656,
びちゃびちゃ,びちゃびちゃ,副詞,-0.99684,
びしょびしょ,びしょびしょ,副詞,-0.99684,
おずおず,おずおず,副詞,-0.996942,
ぐずぐず,ぐずぐず,副詞,-0.996948,
散散,さんざん,副詞,-0.997384,
むずむず,むずむず,副詞,-0.997567,
おっかなびっくり,おっかなびっくり,副詞,-0.998079,
恐る恐る,おそるおそる,副詞,-0.998462,
不承不承,ふしょうぶしょう,副詞,-0.99933,
